#
# Bug #21286261: QUERY DIGEST DOES NOT REFLECT NEW OPTIMIZER HINTS
#
CREATE TABLE t1(i INT);
CREATE TABLE t2(i INT);
# Digests should be same (empty hint comment):
SELECT        * FROM t1;
SELECT /*+ */ * FROM t1;
SELECT digest, digest_text FROM performance_schema.events_statements_history ORDER BY timer_start DESC LIMIT 2;
digest	digest_text
7813b9aec0c09117f127053b466bb3e0	SELECT * FROM `t1` 
7813b9aec0c09117f127053b466bb3e0	SELECT * FROM `t1` 
# Digests should be different:
SELECT * FROM t1, t2;
SELECT /*+
BKA(t1@qb1)
BNL(@qb1 t1)
DUPSWEEDOUT
FIRSTMATCH
INTOEXISTS
LOOSESCAN
MATERIALIZATION
MRR(t1)
NO_BKA(t2)
NO_BNL(t2)
NO_ICP(t2)
NO_MRR(t2)
NO_RANGE_OPTIMIZATION(t2)
NO_SEMIJOIN(t2)
QB_NAME(qb1)
SEMIJOIN(t1)
SUBQUERY(t1)
*/ * FROM t1, t2;
SELECT digest, digest_text FROM performance_schema.events_statements_history ORDER BY timer_start DESC LIMIT 2;
digest	digest_text
5873dbf27c6f838d5ce06c692ee7f2b1	SELECT /*+ BKA ( `t1`@`qb1` ) BNL ( @`qb1` `t1` ) DUPSWEEDOUT FIRSTMATCH INTOEXISTS LOOSESCAN MATERIALIZATION MRR ( `t1` ) NO_BKA ( `t2` ) NO_BNL ( `t2` ) NO_ICP ( `t2` ) NO_MRR ( `t2` ) NO_RANGE_OPTIMIZATION ( `t2` ) NO_SEMIJOIN ( `t2` ) QB_NAME ( `qb1` ) SEMIJOIN ( `t1` ) SUBQUERY ( `t1` ) */ * FROM `t1` , `t2` 
c2eecd9ef952755ec648eb7406354e72	SELECT * FROM `t1` , `t2` 
SELECT * FROM t2, t1;
SELECT /*+ MAX_EXECUTION_TIME(4294967295) */ * FROM t2, t1;
SELECT digest, digest_text FROM performance_schema.events_statements_history ORDER BY timer_start DESC LIMIT 2;
digest	digest_text
c58f25464cd266d708f88b7a3c48a166	SELECT /*+ MAX_EXECUTION_TIME (?) */ * FROM `t2` , `t1` 
531f2cca2dc0bca50a1208c81e130676	SELECT * FROM `t2` , `t1` 
SELECT 1;
SELECT /*+ bad_hint_also_goes_to_digest */ 1;
SELECT digest, digest_text FROM performance_schema.events_statements_history ORDER BY timer_start DESC LIMIT 2;
digest	digest_text
9c363c2243b369eb9d9d8130a7b278d9	SELECT /*+ `bad_hint_also_goes_to_digest` */ ? 
24e5a8c19fe8009f403640dabf2a9e0f	SELECT ? 
DROP TABLE t1, t2;
#
# WL#681: Hint to temporarily set session variable for current statement
#
SELECT 1;
SELECT /*+ SET_VAR(foo = 1K) */ 1;
SELECT digest, digest_text FROM performance_schema.events_statements_history ORDER BY timer_start DESC LIMIT 2;
digest	digest_text
b1cae1a4252dec3b5cb92a58603115d5633c5f96e04d4aefe77e2154e3bcb1c3	SELECT /*+ SET_VAR ( `foo` = ? ) */ ?
d1b44b0c19af710b5a679907e284acd2ddc285201794bc69a2389d77baedddae	SELECT ?
SELECT 1;
SELECT /*+ SET_VAR(bar = 'baz') */ 1;
SELECT digest, digest_text FROM performance_schema.events_statements_history ORDER BY timer_start DESC LIMIT 2;
digest	digest_text
4faceab08ccc6439902860dc80451b6039dd37d43b297efb2680563a8dc629af	SELECT /*+ SET_VAR ( `bar` = ? ) */ ?
d1b44b0c19af710b5a679907e284acd2ddc285201794bc69a2389d77baedddae	SELECT ?
